{
"type": "FeatureCollection",
"name": "EMSR703_AOI01_GRA_MONIT01_transportationP_v2",
"crs": { "type": "name", "properties": { "name": "urn:ogc:def:crs:OGC:1.3:CRS84" } },
"features": [
{ "type": "Feature", "properties": { "obj_type": "214-Bridges, Elevated Highways, Tunnels and Subways", "name": "Unknown", "info": "2141-Bridges and elevated highways", "simplified": "Bridges and elevated highways", "damage_gra": "Possibly damaged", "det_method": "Photo-interpretation", "notation": "Not Applicable", "or_src_id": 1, "dmg_src_id": 2, "cd_value": "Not Applicable" }, "geometry": { "type": "Point", "coordinates": [ -99.954619226999966, 16.915453838000076 ] } },
{ "type": "Feature", "properties": { "obj_type": "214-Bridges, Elevated Highways, Tunnels and Subways", "name": "Unknown", "info": "2141-Bridges and elevated highways", "simplified": "Bridges and elevated highways", "damage_gra": "Destroyed", "det_method": "Photo-interpretation", "notation": "Not Applicable", "or_src_id": 1, "dmg_src_id": 2, "cd_value": "Not Applicable" }, "geometry": { "type": "Point", "coordinates": [ -99.933595859999969, 16.881725497000048 ] } },
{ "type": "Feature", "properties": { "obj_type": "214-Bridges, Elevated Highways, Tunnels and Subways", "name": "Unknown", "info": "2141-Bridges and elevated highways", "simplified": "Bridges and elevated highways", "damage_gra": "Damaged", "det_method": "Photo-interpretation", "notation": "Not Applicable", "or_src_id": 1, "dmg_src_id": 2, "cd_value": "Not Applicable" }, "geometry": { "type": "Point", "coordinates": [ -99.933984669999973, 16.876308995000045 ] } },
{ "type": "Feature", "properties": { "obj_type": "214-Bridges, Elevated Highways, Tunnels and Subways", "name": "Unknown", "info": "2141-Bridges and elevated highways", "simplified": "Bridges and elevated highways", "damage_gra": "Possibly damaged", "det_method": "Photo-interpretation", "notation": "Not Applicable", "or_src_id": 1, "dmg_src_id": 2, "cd_value": "Not Applicable" }, "geometry": { "type": "Point", "coordinates": [ -99.933689682999955, 16.877081045000068 ] } },
{ "type": "Feature", "properties": { "obj_type": "214-Bridges, Elevated Highways, Tunnels and Subways", "name": "Unknown", "info": "2141-Bridges and elevated highways", "simplified": "Bridges and elevated highways", "damage_gra": "Possibly damaged", "det_method": "Photo-interpretation", "notation": "Not Applicable", "or_src_id": 1, "dmg_src_id": 2, "cd_value": "Not Applicable" }, "geometry": { "type": "Point", "coordinates": [ -99.93567434299996, 16.875693630000058 ] } },
{ "type": "Feature", "properties": { "obj_type": "214-Bridges, Elevated Highways, Tunnels and Subways", "name": "Unknown", "info": "2141-Bridges and elevated highways", "simplified": "Bridges and elevated highways", "damage_gra": "Possibly damaged", "det_method": "Photo-interpretation", "notation": "Not Applicable", "or_src_id": 1, "dmg_src_id": 2, "cd_value": "Not Applicable" }, "geometry": { "type": "Point", "coordinates": [ -99.910621156, 16.873250653000071 ] } },
{ "type": "Feature", "properties": { "obj_type": "214-Bridges, Elevated Highways, Tunnels and Subways", "name": "Unknown", "info": "2141-Bridges and elevated highways", "simplified": "Bridges and elevated highways", "damage_gra": "Possibly damaged", "det_method": "Photo-interpretation", "notation": "Not Applicable", "or_src_id": 1, "dmg_src_id": 2, "cd_value": "Not Applicable" }, "geometry": { "type": "Point", "coordinates": [ -99.893693162999966, 16.863628234000032 ] } },
{ "type": "Feature", "properties": { "obj_type": "214-Bridges, Elevated Highways, Tunnels and Subways", "name": "Unknown", "info": "2141-Bridges and elevated highways", "simplified": "Bridges and elevated highways", "damage_gra": "Possibly damaged", "det_method": "Photo-interpretation", "notation": "Not Applicable", "or_src_id": 1, "dmg_src_id": 2, "cd_value": "Not Applicable" }, "geometry": { "type": "Point", "coordinates": [ -99.878441399999986, 16.869930500000066 ] } }
]
}
