<MD_Metadata xmlns="http://www.isotc211.org/2005/gmd" xmlns:gco="http://www.isotc211.org/2005/gco" xmlns:ns3="http://www.isotc211.org/2005/gmx" xmlns:ns4="http://www.w3.org/1999/xlink" xmlns:xsi="http://www.w3.org/2001/XMLSchema-instance" xsi:schemaLocation="http://www.isotc211.org/2005/gmd http://schemas.opengis.net/iso/19139/20060504/gmd/gmd.xsd">
  <fileIdentifier>
    <gco:CharacterString>EMSR703_AOI02_GRA_MONIT01_source_v2.xml</gco:CharacterString>
  </fileIdentifier>
  <language>
    <LanguageCode codeList="http://www.loc.gov/standards/iso639-2/" codeListValue="eng" />
  </language>
  <characterSet>
    <MD_CharacterSetCode codeList="http://standards.iso.org/iso/19139/resources/gmxCodelists.xml#MD_CharacterSetCode" codeListValue="utf8">UTF-8</MD_CharacterSetCode>
  </characterSet>
  <hierarchyLevel>
    <MD_ScopeCode codeList="http://standards.iso.org/iso/19139/resources/gmxCodelists.xml#MD_ScopeCode" codeListValue="dataset" />
  </hierarchyLevel>
  <contact>
    <CI_ResponsibleParty>
	  <individualName>
        <gco:CharacterString>On duty Operator</gco:CharacterString>
      </individualName>
      <organisationName>
        <gco:CharacterString>Copernicus EMS Rapid Mapping Team</gco:CharacterString>
      </organisationName>
      <contactInfo>
        <CI_Contact>
		  <phone>
			<CI_Telephone>
			  <voice>
				<gco:CharacterString>+39 06 4069-4501</gco:CharacterString>
			  </voice>
			  <facsimile>
			    <gco:CharacterString>+39 06 4099-9893</gco:CharacterString>
			  </facsimile>
			</CI_Telephone>
		  </phone>
          <address>
            <CI_Address>
              <electronicMailAddress>
                <gco:CharacterString>rapidmapping@ems-copernicus.eu</gco:CharacterString>
              </electronicMailAddress>
            </CI_Address>
          </address>
        </CI_Contact>
      </contactInfo>
      <role>
        <CI_RoleCode codeList="http://standards.iso.org/iso/19139/resources/gmxCodelists.xml#CI_RoleCode" codeListValue="pointOfContact" />
      </role>
    </CI_ResponsibleParty>
  </contact>
  <dateStamp>
    <gco:Date>2023-10-30</gco:Date>
  </dateStamp>
  <metadataStandardName>
    <gco:CharacterString>ISO19115</gco:CharacterString>
  </metadataStandardName>
  <metadataStandardVersion>
    <gco:CharacterString>2003/Cor.1:2006</gco:CharacterString>
  </metadataStandardVersion>
  <referenceSystemInfo>
    <MD_ReferenceSystem>
      <referenceSystemIdentifier>
        <RS_Identifier>
          <code>
            <gco:CharacterString>4326</gco:CharacterString>
          </code>
		  <codeSpace>
		    <gco:CharacterString>EPSG</gco:CharacterString>
		  </codeSpace>
        </RS_Identifier>
      </referenceSystemIdentifier>
    </MD_ReferenceSystem>
  </referenceSystemInfo>
  <identificationInfo>
    <MD_DataIdentification>
      <citation>
        <CI_Citation>
		  <title>
            <gco:CharacterString>Unknown</gco:CharacterString>
          </title>
          <date>
            <CI_Date>
              <date>
                <gco:Date>2023-10-30</gco:Date>
              </date>
              <dateType>
                <CI_DateTypeCode codeList="http://standards.iso.org/iso/19139/resources/gmxCodelists.xml#CI_DateTypeCode" codeListValue="creation">Creation</CI_DateTypeCode>
              </dateType>
            </CI_Date>
          </date>
          <identifier>
            <MD_Identifier>
              <code>
                <gco:CharacterString>EMSR703_AOI02_GRA_MONIT01_source_v1</gco:CharacterString>
              </code>
            </MD_Identifier>
          </identifier>
        </CI_Citation>
      </citation>
	  <abstract>
        <gco:CharacterString>Unknown</gco:CharacterString>
      </abstract>
	  <pointOfContact>
        <CI_ResponsibleParty>
          <organisationName>
            <gco:CharacterString>European Commission - Joint Research Center</gco:CharacterString>
          </organisationName>
          <contactInfo>
            <CI_Contact>
              <address>
                <CI_Address>
                  <electronicMailAddress>
                    <gco:CharacterString>jrc-ems-rapidmapping@ec.europa.eu</gco:CharacterString>
                  </electronicMailAddress>
                </CI_Address>
              </address>
            </CI_Contact>
          </contactInfo>
          <role>
            <CI_RoleCode codeList="http://standards.iso.org/ittf/PubliclyAvailableStandards/ISO_19139_Schemas/resources/Codelist/ML_gmxCodelists.xml#CI_RoleCode" codeListValue="publisher">publisher</CI_RoleCode>
          </role>
        </CI_ResponsibleParty>
      </pointOfContact>
      <descriptiveKeywords>
        <MD_Keywords>
          <keyword>
            <gco:CharacterString>Orthoimagery</gco:CharacterString>
          </keyword>
		  <keyword>
            <gco:CharacterString>Data source</gco:CharacterString>
          </keyword>
          <thesaurusName>
            <CI_Citation>
              <title>
                <gco:CharacterString>GEMET - INSPIRE themes, version 1.0</gco:CharacterString>
              </title>
              <date>
                <CI_Date>
                  <date>
                    <gco:Date>2008-06-01</gco:Date>
                  </date>
                  <dateType>
                    <CI_DateTypeCode codeList="http://standards.iso.org/iso/19139/resources/gmxCodelists.xml#CI_DateTypeCode" codeListValue="publication">Publication</CI_DateTypeCode>
                  </dateType>
                </CI_Date>
              </date>
            </CI_Citation>
          </thesaurusName>
        </MD_Keywords>
      </descriptiveKeywords>
      <resourceConstraints>
        <MD_LegalConstraints>
          <useConstraints>
            <MD_RestrictionCode codeList="http://standards.iso.org/iso/19139/resources/gmxCodelists.xml#MD_RestrictionCode" codeListValue="otherRestrictions" />
          </useConstraints>
          <otherConstraints>
            <ns3:Anchor ns4:href="http://inspire.ec.europa.eu/metadata-codelist/ConditionsApplyingToAccessAndUse/conditionsUnknown">conditions to access and use unknown</ns3:Anchor>
          </otherConstraints>
        </MD_LegalConstraints>
      </resourceConstraints>
      <resourceConstraints>
        <MD_LegalConstraints>
          <accessConstraints>
            <MD_RestrictionCode codeList="http://standards.iso.org/ittf/PubliclyAvailableStandards/ISO_19139_Schemas/resources/Codelist/ML_gmxCodelists.xml#MD_RestrictionCode" codeListValue="otherRestrictions">otherRestrictions</MD_RestrictionCode>
          </accessConstraints>
          <otherConstraints>
            <ns3:Anchor ns4:href="http://inspire.ec.europa.eu/metadata-codelist/LimitationsOnPublicAccess/INSPIRE_Directive_Article13_1a">(a) the confidentiality of the proceedings of public authorities, where such confidentiality is provided for by law</ns3:Anchor>
          </otherConstraints>
        </MD_LegalConstraints>
      </resourceConstraints>
	  <resourceConstraints>
		<MD_Constraints>
		  <useLimitation>
		    <gco:CharacterString>For full Copyright notice visit http://emergency.copernicus.eu/mapping/ems/cite-copernicus-ems-mapping-portal</gco:CharacterString>
		  </useLimitation>
		</MD_Constraints>
	  </resourceConstraints>
      <spatialRepresentationType>
        <MD_SpatialRepresentationTypeCode codeList="http://standards.iso.org/iso/19139/resources/gmxCodelists.xml#MD_SpatialRepresentationTypeCode" codeListValue="vector">Vector</MD_SpatialRepresentationTypeCode>
      </spatialRepresentationType>
      <spatialResolution>
        <MD_Resolution>
          <equivalentScale>
            <MD_RepresentativeFraction>
              <denominator>
                <gco:Integer>10000</gco:Integer>
              </denominator>
            </MD_RepresentativeFraction>
          </equivalentScale>
        </MD_Resolution>
      </spatialResolution>
      <language>
        <LanguageCode codeList="http://www.loc.gov/standards/iso639-2/" codeListValue="eng">English</LanguageCode>
      </language>
	  <topicCategory>
        <MD_TopicCategoryCode>imageryBaseMapsEarthCover</MD_TopicCategoryCode>
      </topicCategory>
      <extent>
        <EX_Extent>
          <geographicElement>
            <EX_GeographicBoundingBox>
              <westBoundLongitude>
                <gco:Decimal>-99.873012898</gco:Decimal>
              </westBoundLongitude>
              <eastBoundLongitude>
                <gco:Decimal>-99.771764543</gco:Decimal>
              </eastBoundLongitude>
              <southBoundLatitude>
                <gco:Decimal>16.800905507</gco:Decimal>
              </southBoundLatitude>
              <northBoundLatitude>
                <gco:Decimal>16.968012532</gco:Decimal>
              </northBoundLatitude>
            </EX_GeographicBoundingBox>
          </geographicElement>
        </EX_Extent>
      </extent>
    </MD_DataIdentification>
  </identificationInfo>
  <distributionInfo>
    <MD_Distribution>
      <distributionFormat>
        <MD_Format>
          <name>
            <gco:CharacterString>File Geodatabase Feature Class</gco:CharacterString>
          </name>
          <version>
		    <gco:CharacterString>IV, V</gco:CharacterString>
		  </version>
        </MD_Format>
      </distributionFormat>
    </MD_Distribution>
  </distributionInfo>
  <dataQualityInfo>
    <DQ_DataQuality>
      <scope>
        <DQ_Scope>
          <level>
            <MD_ScopeCode codeList="http://standards.iso.org/iso/19139/resources/gmxCodelists.xml#MD_ScopeCode" codeListValue="dataset" />
          </level>
        </DQ_Scope>
      </scope>
      <report>
        <DQ_DomainConsistency>
          <result>
            <DQ_ConformanceResult>
              <specification>
                <CI_Citation>
                  <title>
                    <gco:CharacterString>Commission Regulation (EU) No 1089/2010 of 23 November 2010 implementing Directive 2007/2/EC of the European Parliament and of the Council as regards interoperability of spatial data sets and services</gco:CharacterString>
                  </title>
                  <date>
                    <CI_Date>
                      <date>
                        <gco:Date>2010-12-08</gco:Date>
                      </date>
                      <dateType>
                        <CI_DateTypeCode codeList="http://standards.iso.org/iso/19139/resources/gmxCodelists.xml#CI_DateTypeCode" codeListValue="publication">Publication</CI_DateTypeCode>
                      </dateType>
                    </CI_Date>
                  </date>
                </CI_Citation>
              </specification>
              <explanation>
                <gco:CharacterString>This data set is conformant with the INSPIRE Implementing Rules for the interoperability of spatial data sets and services</gco:CharacterString>
              </explanation>
              <pass>
                <gco:Boolean>true</gco:Boolean>
              </pass>
            </DQ_ConformanceResult>
          </result>
        </DQ_DomainConsistency>
      </report>
      <lineage>
        <LI_Lineage>
          <statement>
            <gco:CharacterString>This table contains the metadata information related to the imagery used for the analysis and for the map production. The imagery listed in the table is related only to the product delivered - The scale of analysis is 1:10000, the MMU is 100 m and the RMSE is 2.5 m.</gco:CharacterString>
          </statement>
        </LI_Lineage>
      </lineage>
    </DQ_DataQuality>
  </dataQualityInfo>
</MD_Metadata>